Area Keywords,Search Volume
Square Meter to Square Feet,165000
Hectare to Acre,135000
Cent to Square Feet,90500
Square Feet to Cent,90500
Hectare to Bigha,60500
Square Feet to Square Yard,60500
Square Yard to Square Feet,60500
Square Feet to Acre,49500
Square Meter to Square Yard,49500
Square Yard to Square Meter,49500
Acre to Hectare,40500
Cent to Square Meter,40500
Square Feet to Hectare,40500
Square Feet to Square Meter,40500
Square Meter to Cent,40500
Acre to Bigha,33100
Acre to Square Feet,33100
Bigha to Acre,33100
Hectare to Square Feet,33100
Hectare to Biswa,22200
Hectare to Cent,22200
Decimal to Square Feet,18100
Square Feet to Decimal,18100
Square Inch to Square Feet,18100
Square Meter to Acre,18100
Bigha to Square Feet,14800
Guntha to Square Feet,14800
Decimal to Kattha,12100
Kattha to Square Feet,12100
Square Feet to Kattha,12100
Acre to Cent,9900
Cent to Acre,9900
Marla to Square Feet,9900
Square Centimeters to Square Feet,9900
Acre to Guntha,8100
Bigha to Hectare,8100
Decimal to Hectare,8100
Guntha to Acre,8100
Square Yard to Cent,8100
Acre to Kattha,6600
Acre to Square Yard,6600
Hectare to Square Meter,6600
Acre to Are,5400
Acre to Square Meter,5400
Cent to Square Yard,5400
Hectare to Are,5400
Hectare to Decimal,5400
Square Centimeters to Square Meter,5400
Square Feet to Are,5400
Square Meter to Square Centimeters,5400
Acre to Square Kilometer,4400
Biswa to Square Feet,4400
Kanal to Acre,4400
Square Kilometer to Acre,4400
Square Yard to Acre,4400
Acre to Decimal,3600
Cent to Are,3600
Square Meter to Bigha,3600
Ankanam to Square Feet,2900
Cent to Hectare,2900
Decimal to Acre,2900
Hectare to Square Kilometer,2900
Kanal to Hectare,2900
Kanal to Marla,2900
Square Feet to Marla,2900
Square Inch to Square Meter,2900
Square Meter to Guntha,2900
Acre to Kanal,2400
Hectare to Guntha,2400
Marla to Square Yard,2400
Square Feet to Bigha,2400
Square Meter to Hectare,2400
Square Yard to Marla,2400
Ankanam to Cent,1900
Bigha to Biswa,1900
Bigha to Square Meter,1900
Hectare to Square Yard,1900
Square Feet to Guntha,1900
Bigha to Killa,1600
Guntha to Bigha,1600
Marla to Acre,1600
Square Feet to Biswa,1600
Biswa to Bigha,1300
Hectare to Kanal,1300
Killa to Bigha,1300
Marla to Kanal,1300
Square Meter to Marla,1300
Ankanam to Square Yard,1000
Acre to Killa,1000
Bigha to Guntha,1000
Bigha to Kanal,1000
Bigha to Square Yard,1000
Biswa to Marla,1000
Cent to Ground,1000
Kanal to Bigha,1000
Kanal to Square Feet,1000
Killa to Acre,1000
